filename,filepath,algorithm,original_size,compressed_size,compression_ratio,compression_time,speed_mbps,num_chunks,chunk_size,algorithm_distribution,chunk_details
a.txt,data\academic_corpora\artificial\a.txt,ensemble(brotli),1,5,0.2,0.0018663406372070312,0.000510986203372509,1.0,32768.0,,
a.txt,data\academic_corpora\artificial\a.txt,gzip,1,21,0.047619047619047616,0.0,0.0,,,,
a.txt,data\academic_corpora\artificial\a.txt,bzip2,1,37,0.02702702702702703,0.0,0.0,,,,
a.txt,data\academic_corpora\artificial\a.txt,lzma,1,60,0.016666666666666666,0.01750969886779785,5.446548930433954e-05,,,,
a.txt,data\academic_corpora\artificial\a.txt,zstd,1,10,0.1,0.0,0.0,,,,
a.txt,data\academic_corpora\artificial\a.txt,brotli,1,5,0.2,0.0,0.0,,,,
aaa.txt,data\academic_corpora\artificial\aaa.txt,ensemble_improved,100000,54,1851.851851851852,0.07580947875976562,1.257988225230212,4.0,32768.0,{'brotli': 100.0},"[{'chunk_index': 0, 'algorithm': 'brotli', 'original_size': 32768, 'compressed_size': 14, 'ratio': 2340.5714285714284}, {'chunk_index': 1, 'algorithm': 'brotli', 'original_size': 32768, 'compressed_size': 14, 'ratio': 2340.5714285714284}, {'chunk_index': 2, 'algorithm': 'brotli', 'original_size': 32768, 'compressed_size': 14, 'ratio': 2340.5714285714284}, {'chunk_index': 3, 'algorithm': 'brotli', 'original_size': 1696, 'compressed_size': 12, 'ratio': 141.33333333333334}]"
aaa.txt,data\academic_corpora\artificial\aaa.txt,gzip,100000,133,751.8796992481203,0.0,0.0,,,,
aaa.txt,data\academic_corpora\artificial\aaa.txt,bzip2,100000,47,2127.659574468085,0.0009980201721191406,95.55661729574773,,,,
aaa.txt,data\academic_corpora\artificial\aaa.txt,lzma,100000,148,675.6756756756756,0.018448352813720703,5.169428002791491,,,,
aaa.txt,data\academic_corpora\artificial\aaa.txt,zstd,100000,21,4761.9047619047615,0.0010902881622314453,87.46993221080254,,,,
aaa.txt,data\academic_corpora\artificial\aaa.txt,brotli,100000,14,7142.857142857143,0.008005142211914062,11.913271384322135,,,,
alphabet.txt,data\academic_corpora\artificial\alphabet.txt,ensemble_improved,100000,135,740.7407407407408,0.017809629440307617,5.354824027095409,4.0,32768.0,{'brotli': 100.0},"[{'chunk_index': 0, 'algorithm': 'brotli', 'original_size': 32768, 'compressed_size': 34, 'ratio': 963.7647058823529}, {'chunk_index': 1, 'algorithm': 'brotli', 'original_size': 32768, 'compressed_size': 34, 'ratio': 963.7647058823529}, {'chunk_index': 2, 'algorithm': 'brotli', 'original_size': 32768, 'compressed_size': 34, 'ratio': 963.7647058823529}, {'chunk_index': 3, 'algorithm': 'brotli', 'original_size': 1696, 'compressed_size': 33, 'ratio': 51.39393939393939}]"
alphabet.txt,data\academic_corpora\artificial\alphabet.txt,gzip,100000,302,331.12582781456956,0.0,0.0,,,,
alphabet.txt,data\academic_corpora\artificial\alphabet.txt,bzip2,100000,131,763.3587786259542,0.011044502258300781,8.634832915983075,,,,
alphabet.txt,data\academic_corpora\artificial\alphabet.txt,lzma,100000,176,568.1818181818181,0.018514156341552734,5.151054678445412,,,,
alphabet.txt,data\academic_corpora\artificial\alphabet.txt,zstd,100000,46,2173.913043478261,0.0005083084106445312,187.6172607879925,,,,
alphabet.txt,data\academic_corpora\artificial\alphabet.txt,brotli,100000,34,2941.176470588235,0.004506349563598633,21.162901433786573,,,,
random.txt,data\academic_corpora\artificial\random.txt,ensemble_improved,100000,75091,1.331717516080489,0.07402205467224121,1.2883650969011597,4.0,32768.0,{'brotli': 100.0},"[{'chunk_index': 0, 'algorithm': 'brotli', 'original_size': 32768, 'compressed_size': 24598, 'ratio': 1.332140824457273}, {'chunk_index': 1, 'algorithm': 'brotli', 'original_size': 32768, 'compressed_size': 24599, 'ratio': 1.332086670189845}, {'chunk_index': 2, 'algorithm': 'brotli', 'original_size': 32768, 'compressed_size': 24598, 'ratio': 1.332140824457273}, {'chunk_index': 3, 'algorithm': 'brotli', 'original_size': 1696, 'compressed_size': 1296, 'ratio': 1.308641975308642}]"
random.txt,data\academic_corpora\artificial\random.txt,gzip,100000,75747,1.3201842977279628,0.0034265518188476562,27.831895352073477,,,,
random.txt,data\academic_corpora\artificial\random.txt,bzip2,100000,75684,1.3212832302732413,0.0059049129486083984,16.15052287317802,,,,
random.txt,data\academic_corpora\artificial\random.txt,lzma,100000,76824,1.3016765594085182,0.03829026222229004,2.490644516534766,,,,
random.txt,data\academic_corpora\artificial\random.txt,zstd,100000,75114,1.3313097425246958,0.009893178939819336,9.639715628388963,,,,
random.txt,data\academic_corpora\artificial\random.txt,brotli,100000,75022,1.332942336914505,0.05680084228515625,1.6789791806581598,,,,
bib,data\academic_corpora\calgary\bib,ensemble_improved,111261,30756,3.617538041357784,0.04776740074157715,2.221321580626001,2.0,65536.0,{'bzip2': 100.0},"[{'chunk_index': 0, 'algorithm': 'bzip2', 'original_size': 65536, 'compressed_size': 17548, 'ratio': 3.734670617734215}, {'chunk_index': 1, 'algorithm': 'bzip2', 'original_size': 45725, 'compressed_size': 13208, 'ratio': 3.461917019987886}]"
bib,data\academic_corpora\calgary\bib,gzip,111261,35083,3.1713650485990366,0.005634307861328125,18.832261340555178,,,,
bib,data\academic_corpora\calgary\bib,bzip2,111261,27467,4.0507154039392725,0.006134748458862305,17.296024250903578,,,,
bib,data\academic_corpora\calgary\bib,lzma,111261,30588,3.6374068262063552,0.03925967216491699,2.702690885241123,,,,
bib,data\academic_corpora\calgary\bib,zstd,111261,31936,3.483873997995992,0.040171146392822266,2.6413674402041663,,,,
bib,data\academic_corpora\calgary\bib,brotli,111261,28380,3.9204016913319237,0.11108279228210449,0.9552042754579698,,,,
book1,data\academic_corpora\calgary\book1,ensemble_improved,768771,280559,2.7401402200606646,0.2877163887023926,2.5481939391930526,12.0,65536.0,{'bzip2': 100.0},"[{'chunk_index': 0, 'algorithm': 'bzip2', 'original_size': 65536, 'compressed_size': 24032, 'ratio': 2.727030625832224}, {'chunk_index': 1, 'algorithm': 'bzip2', 'original_size': 65536, 'compressed_size': 23800, 'ratio': 2.7536134453781513}, {'chunk_index': 2, 'algorithm': 'bzip2', 'original_size': 65536, 'compressed_size': 24292, 'ratio': 2.697842911246501}, {'chunk_index': 3, 'algorithm': 'bzip2', 'original_size': 65536, 'compressed_size': 24046, 'ratio': 2.725442901106213}, {'chunk_index': 4, 'algorithm': 'bzip2', 'original_size': 65536, 'compressed_size': 24398, 'ratio': 2.6861218132633824}, {'chunk_index': 5, 'algorithm': 'bzip2', 'original_size': 65536, 'compressed_size': 23631, 'ratio': 2.773306250264483}, {'chunk_index': 6, 'algorithm': 'bzip2', 'original_size': 65536, 'compressed_size': 23929, 'ratio': 2.7387688578712024}, {'chunk_index': 7, 'algorithm': 'bzip2', 'original_size': 65536, 'compressed_size': 23769, 'ratio': 2.757204762505785}, {'chunk_index': 8, 'algorithm': 'bzip2', 'original_size': 65536, 'compressed_size': 23758, 'ratio': 2.758481353649297}, {'chunk_index': 9, 'algorithm': 'bzip2', 'original_size': 65536, 'compressed_size': 23824, 'ratio': 2.750839489590329}, {'chunk_index': 10, 'algorithm': 'bzip2', 'original_size': 65536, 'compressed_size': 23338, 'ratio': 2.8081240894678205}, {'chunk_index': 11, 'algorithm': 'bzip2', 'original_size': 47875, 'compressed_size': 17742, 'ratio': 2.698399278548078}]"
book1,data\academic_corpora\calgary\book1,gzip,768771,312498,2.460082944530845,0.05698418617248535,12.865975758235045,,,,
book1,data\academic_corpora\calgary\book1,bzip2,768771,232598,3.305148797496109,0.0477747917175293,15.346108931939995,,,,
book1,data\academic_corpora\calgary\book1,lzma,768771,261116,2.944174236737695,0.20453786849975586,3.5844568210058587,,,,
book1,data\academic_corpora\calgary\book1,zstd,768771,264765,2.9035975298849923,0.17804455757141113,4.1178296483670405,,,,
book1,data\academic_corpora\calgary\book1,brotli,768771,256323,2.999227537130886,0.9365317821502686,0.7828427949499236,,,,
book2,data\academic_corpora\calgary\book2,ensemble_improved,610856,180040,3.3928904687847146,1.0284409523010254,0.5664473754368167,10.0,65536.0,{'brotli': 100.0},"[{'chunk_index': 0, 'algorithm': 'brotli', 'original_size': 65536, 'compressed_size': 19701, 'ratio': 3.3265316481396883}, {'chunk_index': 1, 'algorithm': 'brotli', 'original_size': 65536, 'compressed_size': 19396, 'ratio': 3.3788409981439473}, {'chunk_index': 2, 'algorithm': 'brotli', 'original_size': 65536, 'compressed_size': 18913, 'ratio': 3.4651298048961032}, {'chunk_index': 3, 'algorithm': 'brotli', 'original_size': 65536, 'compressed_size': 18563, 'ratio': 3.530463825890212}, {'chunk_index': 4, 'algorithm': 'brotli', 'original_size': 65536, 'compressed_size': 17804, 'ratio': 3.6809705684115928}, {'chunk_index': 5, 'algorithm': 'brotli', 'original_size': 65536, 'compressed_size': 19029, 'ratio': 3.4440065163697513}, {'chunk_index': 6, 'algorithm': 'brotli', 'original_size': 65536, 'compressed_size': 19236, 'ratio': 3.4069453108754417}, {'chunk_index': 7, 'algorithm': 'brotli', 'original_size': 65536, 'compressed_size': 20872, 'ratio': 3.139900344959755}, {'chunk_index': 8, 'algorithm': 'brotli', 'original_size': 65536, 'compressed_size': 19957, 'ratio': 3.283860299644235}, {'chunk_index': 9, 'algorithm': 'brotli', 'original_size': 21032, 'compressed_size': 6569, 'ratio': 3.201704977926625}]"
book2,data\academic_corpora\calgary\book2,gzip,610856,206147,2.9632058676575452,0.027691125869750977,21.037702871410737,,,,
book2,data\academic_corpora\calgary\book2,bzip2,610856,157443,3.8798549316260487,0.031913042068481445,18.254532957796986,,,,
book2,data\academic_corpora\calgary\book2,lzma,610856,169824,3.5969945355191255,0.15008234977722168,3.881586869391302,,,,
book2,data\academic_corpora\calgary\book2,zstd,610856,173849,3.513715925889709,0.1514132022857666,3.8474695035058963,,,,
book2,data\academic_corpora\calgary\book2,brotli,610856,165262,3.6962883179436288,0.8215429782867432,0.7091018895171254,,,,
geo,data\academic_corpora\calgary\geo,ensemble_improved,102400,59056,1.7339474397182335,0.036798715591430664,2.6537950694871877,2.0,65536.0,{'bzip2': 100.0},"[{'chunk_index': 0, 'algorithm': 'bzip2', 'original_size': 65536, 'compressed_size': 37577, 'ratio': 1.7440455597839104}, {'chunk_index': 1, 'algorithm': 'bzip2', 'original_size': 36864, 'compressed_size': 21479, 'ratio': 1.716281018669398}]"
geo,data\academic_corpora\calgary\geo,gzip,102400,68373,1.4976672078159508,0.016532421112060547,5.906953938450002,,,,
geo,data\academic_corpora\calgary\geo,bzip2,102400,56921,1.7989845575446672,0.006803750991821289,14.35329572134422,,,,
geo,data\academic_corpora\calgary\geo,lzma,102400,53364,1.9188966344351999,0.029828786849975586,3.273892783208511,,,,
geo,data\academic_corpora\calgary\geo,zstd,102400,63051,1.6240820922745078,0.018799781799316406,5.19454167300766,,,,
geo,data\academic_corpora\calgary\geo,brotli,102400,52915,1.9351790607578192,0.29488277435302734,0.3311697341910112,,,,
news,data\academic_corpora\calgary\news,ensemble_improved,377109,141168,2.6713490309418564,0.12740468978881836,2.822809492976829,6.0,65536.0,{'bzip2': 100.0},"[{'chunk_index': 0, 'algorithm': 'bzip2', 'original_size': 65536, 'compressed_size': 24543, 'ratio': 2.670252210406226}, {'chunk_index': 1, 'algorithm': 'bzip2', 'original_size': 65536, 'compressed_size': 25436, 'ratio': 2.57650573989621}, {'chunk_index': 2, 'algorithm': 'bzip2', 'original_size': 65536, 'compressed_size': 24096, 'ratio': 2.7197875166002654}, {'chunk_index': 3, 'algorithm': 'bzip2', 'original_size': 65536, 'compressed_size': 24347, 'ratio': 2.691748470037376}, {'chunk_index': 4, 'algorithm': 'bzip2', 'original_size': 65536, 'compressed_size': 23677, 'ratio': 2.7679182328842336}, {'chunk_index': 5, 'algorithm': 'bzip2', 'original_size': 49429, 'compressed_size': 19069, 'ratio': 2.592112853322146}]"
news,data\academic_corpora\calgary\news,gzip,377109,144492,2.6098953575284445,0.017014265060424805,21.137508232557487,,,,
news,data\academic_corpora\calgary\news,bzip2,377109,118600,3.1796711635750423,0.01653432846069336,21.751059841384283,,,,
news,data\academic_corpora\calgary\news,lzma,377109,118900,3.1716484440706476,0.08784961700439453,4.093804618040101,,,,
news,data\academic_corpora\calgary\news,zstd,377109,122700,3.0734229828850856,0.09021687507629395,3.9863846700687375,,,,
news,data\academic_corpora\calgary\news,brotli,377109,112968,3.338193116634799,0.5364618301391602,0.670390972070376,,,,
obj1,data\academic_corpora\calgary\obj1,ensemble(brotli),21504,9341,2.3021089819077187,0.027554035186767578,0.7442761962447002,1.0,32768.0,,
obj1,data\academic_corpora\calgary\obj1,gzip,21504,10329,2.0819053151321523,0.0,0.0,,,,
obj1,data\academic_corpora\calgary\obj1,bzip2,21504,10787,1.9935107073329008,0.0,0.0,,,,
obj1,data\academic_corpora\calgary\obj1,lzma,21504,9428,2.2808655070004242,0.0224454402923584,0.9136738790988178,,,,
obj1,data\academic_corpora\calgary\obj1,zstd,21504,9829,2.1878115779835183,0.0017743110656738281,11.558183284063423,,,,
obj1,data\academic_corpora\calgary\obj1,brotli,21504,9341,2.3021089819077187,0.024672985076904297,0.8311848945751116,,,,
obj2,data\academic_corpora\calgary\obj2,ensemble_improved,246814,67364,3.663885755002672,0.17160487174987793,1.3716403871830032,4.0,65536.0,{'lzma': 100.0},"[{'chunk_index': 0, 'algorithm': 'lzma', 'original_size': 65536, 'compressed_size': 23241, 'ratio': 2.8198442407813777}, {'chunk_index': 1, 'algorithm': 'lzma', 'original_size': 65536, 'compressed_size': 15841, 'ratio': 4.137112556025503}, {'chunk_index': 2, 'algorithm': 'lzma', 'original_size': 65536, 'compressed_size': 14465, 'ratio': 4.530660214310404}, {'chunk_index': 3, 'algorithm': 'lzma', 'original_size': 50206, 'compressed_size': 13817, 'ratio': 3.6336397191865095}]"
obj2,data\academic_corpora\calgary\obj2,gzip,246814,81027,3.046071062732176,0.0035986900329589844,65.40718166158739,,,,
obj2,data\academic_corpora\calgary\obj2,bzip2,246814,76441,3.2288169961146505,0.0005080699920654297,463.28296574378226,,,,
obj2,data\academic_corpora\calgary\obj2,lzma,246814,61504,4.012974765868886,0.0481417179107666,4.889318099652835,,,,
obj2,data\academic_corpora\calgary\obj2,zstd,246814,70224,3.514667350193666,0.06276226043701172,3.750345686891249,,,,
obj2,data\academic_corpora\calgary\obj2,brotli,246814,65203,3.7853166265355886,0.35848283767700195,0.6566009526558507,,,,
paper1,data\academic_corpora\calgary\paper1,ensemble_improved,53161,18090,2.93869541182974,0.018886566162109375,2.6843566956170473,2.0,32768.0,{'bzip2': 100.0},"[{'chunk_index': 0, 'algorithm': 'bzip2', 'original_size': 32768, 'compressed_size': 10985, 'ratio': 2.9829767865270824}, {'chunk_index': 1, 'algorithm': 'bzip2', 'original_size': 20393, 'compressed_size': 7105, 'ratio': 2.8702322308233637}]"
paper1,data\academic_corpora\calgary\paper1,gzip,53161,18536,2.867986620630125,0.001958608627319336,25.884844796104687,,,,
paper1,data\academic_corpora\calgary\paper1,bzip2,53161,16558,3.2105930667955067,0.004192352294921875,12.093039126478617,,,,
paper1,data\academic_corpora\calgary\paper1,lzma,53161,17280,3.0764467592592593,0.02203989028930664,2.300296402068324,,,,
paper1,data\academic_corpora\calgary\paper1,zstd,53161,17618,3.017425360426836,0.014381170272827148,3.52532369568461,,,,
paper1,data\academic_corpora\calgary\paper1,brotli,53161,15457,3.4392831726725754,0.054070234298706055,0.9376375189054046,,,,
paper2,data\academic_corpora\calgary\paper2,ensemble_improved,82199,28369,2.897493743170362,0.029552221298217773,2.65262886140491,3.0,32768.0,{'bzip2': 100.0},"[{'chunk_index': 0, 'algorithm': 'bzip2', 'original_size': 32768, 'compressed_size': 11574, 'ratio': 2.831173319509245}, {'chunk_index': 1, 'algorithm': 'bzip2', 'original_size': 32768, 'compressed_size': 10963, 'ratio': 2.988962875125422}, {'chunk_index': 2, 'algorithm': 'bzip2', 'original_size': 16663, 'compressed_size': 5832, 'ratio': 2.857167352537723}]"
paper2,data\academic_corpora\calgary\paper2,gzip,82199,29677,2.7697880513528994,0.0044820308685302734,17.490079259535083,,,,
paper2,data\academic_corpora\calgary\paper2,bzip2,82199,25041,3.2825765744179547,0.005507230758666992,14.234209273128707,,,,
paper2,data\academic_corpora\calgary\paper2,lzma,82199,27228,3.0189143528720437,0.0265810489654541,2.949133995282046,,,,
paper2,data\academic_corpora\calgary\paper2,zstd,82199,27557,2.982871865587691,0.025487899780273438,3.0756192471750357,,,,
paper2,data\academic_corpora\calgary\paper2,brotli,82199,24850,3.3078068410462778,0.08902716636657715,0.8805298240257949,,,,
paper3,data\academic_corpora\calgary\paper3,ensemble_improved,46526,17044,2.7297582727059377,0.015643596649169922,2.8363459017892523,2.0,32768.0,{'bzip2': 100.0},"[{'chunk_index': 0, 'algorithm': 'bzip2', 'original_size': 32768, 'compressed_size': 11768, 'ratio': 2.7845003399048265}, {'chunk_index': 1, 'algorithm': 'bzip2', 'original_size': 13758, 'compressed_size': 5276, 'ratio': 2.6076573161485976}]"
paper3,data\academic_corpora\calgary\paper3,gzip,46526,18067,2.57519233962473,0.002007007598876953,22.107864100736517,,,,
paper3,data\academic_corpora\calgary\paper3,bzip2,46526,15837,2.937803876996906,0.002996683120727539,14.806587636247912,,,,
paper3,data\academic_corpora\calgary\paper3,lzma,46526,17064,2.726558837318331,0.02100682258605957,2.1122019316982374,,,,
paper3,data\academic_corpora\calgary\paper3,zstd,46526,17183,2.7076761915847056,0.011276483535766602,3.9347950187115464,,,,
paper3,data\academic_corpora\calgary\paper3,brotli,46526,14639,3.1782225561855317,0.04452657699584961,0.996498141980531,,,,
paper4,data\academic_corpora\calgary\paper4,ensemble(brotli),13286,4283,3.1020312864814383,0.014003753662109375,0.9047943339689458,1.0,32768.0,,
paper4,data\academic_corpora\calgary\paper4,gzip,13286,5527,2.4038357155780714,0.0009865760803222656,12.842919284678588,,,,
paper4,data\academic_corpora\calgary\paper4,bzip2,13286,5188,2.5609097918272936,0.002181529998779297,5.8080874316939894,,,,
paper4,data\academic_corpora\calgary\paper4,lzma,13286,5408,2.456730769230769,0.014040708541870117,0.9024129323665755,,,,
paper4,data\academic_corpora\calgary\paper4,zstd,13286,5369,2.4745762711864407,0.002870321273803711,4.414320126256333,,,,
paper4,data\academic_corpora\calgary\paper4,brotli,13286,4283,3.1020312864814383,0.015383243560791016,0.823657047208704,,,,
paper5,data\academic_corpora\calgary\paper5,ensemble(brotli),11954,4073,2.934937392585318,0.014000415802001953,0.8142774428663874,1.0,32768.0,,
paper5,data\academic_corpora\calgary\paper5,gzip,11954,4988,2.396551724137931,0.0005078315734863281,22.44882629107981,,,,
paper5,data\academic_corpora\calgary\paper5,bzip2,11954,4837,2.4713665495141615,0.002163410186767578,5.2695613841745645,,,,
paper5,data\academic_corpora\calgary\paper5,lzma,11954,4900,2.439591836734694,0.015240669250488281,0.7480132657530818,,,,
paper5,data\academic_corpora\calgary\paper5,zstd,11954,4865,2.4571428571428573,0.001999378204345703,5.7018840925351775,,,,
paper5,data\academic_corpora\calgary\paper5,brotli,11954,4073,2.934937392585318,0.01298975944519043,0.8776315547969091,,,,
paper6,data\academic_corpora\calgary\paper6,ensemble_improved,38105,12747,2.9893308229387308,0.015012025833129883,2.4207099182085288,2.0,32768.0,"{'bzip2': 50.0, 'zstd': 50.0}","[{'chunk_index': 0, 'algorithm': 'bzip2', 'original_size': 32768, 'compressed_size': 10818, 'ratio': 3.0290256979108894}, {'chunk_index': 1, 'algorithm': 'zstd', 'original_size': 5337, 'compressed_size': 1929, 'ratio': 2.7667185069984446}]"
paper6,data\academic_corpora\calgary\paper6,gzip,38105,13292,2.866761962082456,0.0020101070404052734,18.07851974854703,,,,
paper6,data\academic_corpora\calgary\paper6,bzip2,38105,12292,3.0999837292548,0.003420114517211914,10.625304984315092,,,,
paper6,data\academic_corpora\calgary\paper6,lzma,38105,12504,3.0474248240563018,0.01900196075439453,1.912421580928482,,,,
paper6,data\academic_corpora\calgary\paper6,zstd,38105,12728,2.9937932118164676,0.010053396224975586,3.61467498280646,,,,
paper6,data\academic_corpora\calgary\paper6,brotli,38105,11135,3.4220925011225862,0.04217648506164551,0.8616118620019106,,,,
pic,data\academic_corpora\calgary\pic,ensemble_improved,513216,44172,11.618581907090464,0.4024069309234619,1.2162835188885999,8.0,65536.0,{'zstd': 100.0},"[{'chunk_index': 0, 'algorithm': 'zstd', 'original_size': 65536, 'compressed_size': 2576, 'ratio': 25.440993788819874}, {'chunk_index': 1, 'algorithm': 'zstd', 'original_size': 65536, 'compressed_size': 5759, 'ratio': 11.379753429414828}, {'chunk_index': 2, 'algorithm': 'zstd', 'original_size': 65536, 'compressed_size': 11321, 'ratio': 5.7888879074286725}, {'chunk_index': 3, 'algorithm': 'zstd', 'original_size': 65536, 'compressed_size': 8180, 'ratio': 8.011735941320293}, {'chunk_index': 4, 'algorithm': 'zstd', 'original_size': 65536, 'compressed_size': 5010, 'ratio': 13.081037924151696}, {'chunk_index': 5, 'algorithm': 'zstd', 'original_size': 65536, 'compressed_size': 2258, 'ratio': 29.023914968999115}, {'chunk_index': 6, 'algorithm': 'zstd', 'original_size': 65536, 'compressed_size': 7087, 'ratio': 9.247354310709751}, {'chunk_index': 7, 'algorithm': 'zstd', 'original_size': 54464, 'compressed_size': 1981, 'ratio': 27.493185259969714}]"
pic,data\academic_corpora\calgary\pic,gzip,513216,52233,9.825512606972604,0.06330275535583496,7.73174746055719,,,,
pic,data\academic_corpora\calgary\pic,bzip2,513216,49759,10.314033642155188,0.008021116256713867,61.01905299765181,,,,
pic,data\academic_corpora\calgary\pic,lzma,513216,41992,12.22175652505239,0.07933759689331055,6.169091794233786,,,,
pic,data\academic_corpora\calgary\pic,zstd,513216,43640,11.760219981668195,0.21339750289916992,2.2935644106389113,,,,
pic,data\academic_corpora\calgary\pic,brotli,513216,40939,12.536114707247368,0.7615094184875488,0.6427247071229135,,,,
progc,data\academic_corpora\calgary\progc,ensemble_improved,39611,13204,2.999924265374129,0.0316469669342041,1.1936686831855474,2.0,32768.0,"{'gzip': 50.0, 'bzip2': 50.0}","[{'chunk_index': 0, 'algorithm': 'bzip2', 'original_size': 32768, 'compressed_size': 10737, 'ratio': 3.0518766880879205}, {'chunk_index': 1, 'algorithm': 'gzip', 'original_size': 6843, 'compressed_size': 2467, 'ratio': 2.7738143494122416}]"
progc,data\academic_corpora\calgary\progc,gzip,39611,13342,2.9688952181082295,0.001928091049194336,19.59243229875108,,,,
progc,data\academic_corpora\calgary\progc,bzip2,39611,12544,3.157764668367347,0.0023567676544189453,16.028730399595347,,,,
progc,data\academic_corpora\calgary\progc,lzma,39611,12560,3.1537420382165604,0.008838415145874023,4.274068679021338,,,,
progc,data\academic_corpora\calgary\progc,zstd,39611,12790,3.0970289288506647,0.015462160110473633,2.443125221655128,,,,
progc,data\academic_corpora\calgary\progc,brotli,39611,11619,3.409157414579568,0.03812527656555176,0.9908385394192947,,,,
progl,data\academic_corpora\calgary\progl,ensemble_improved,71646,14915,4.8036205162588,0.10695695877075195,0.6388265977129355,3.0,32768.0,{'brotli': 100.0},"[{'chunk_index': 0, 'algorithm': 'brotli', 'original_size': 32768, 'compressed_size': 7038, 'ratio': 4.655868144359193}, {'chunk_index': 1, 'algorithm': 'brotli', 'original_size': 32768, 'compressed_size': 6719, 'ratio': 4.876916207769013}, {'chunk_index': 2, 'algorithm': 'brotli', 'original_size': 6110, 'compressed_size': 1158, 'ratio': 5.276338514680484}]"
progl,data\academic_corpora\calgary\progl,gzip,71646,16158,4.434088377274415,0.0,0.0,,,,
progl,data\academic_corpora\calgary\progl,bzip2,71646,15579,4.598883111881379,0.0005061626434326172,134.9901083372586,,,,
progl,data\academic_corpora\calgary\progl,lzma,71646,14984,4.781500266951415,0.026041507720947266,2.6237708970391664,,,,
progl,data\academic_corpora\calgary\progl,zstd,71646,15153,4.72817263908137,0.03669595718383789,1.8619748690827345,,,,
progl,data\academic_corpora\calgary\progl,brotli,71646,14003,5.116475041062629,0.06871247291564941,0.9943893324450643,,,,
progp,data\academic_corpora\calgary\progp,ensemble_improved,49379,10559,4.676484515579127,0.09485387802124023,0.4964634557089929,2.0,32768.0,{'brotli': 100.0},"[{'chunk_index': 0, 'algorithm': 'brotli', 'original_size': 32768, 'compressed_size': 6863, 'ratio': 4.774588372431881}, {'chunk_index': 1, 'algorithm': 'brotli', 'original_size': 16611, 'compressed_size': 3696, 'ratio': 4.494318181818182}]"
progp,data\academic_corpora\calgary\progp,gzip,49379,11180,4.416726296958855,0.0,0.0,,,,
progp,data\academic_corpora\calgary\progp,bzip2,49379,10710,4.610550887021475,0.008188486099243164,5.750939001310234,,,,
progp,data\academic_corpora\calgary\progp,lzma,49379,10352,4.769996136012365,0.015668392181396484,3.005508384308713,,,,
progp,data\academic_corpora\calgary\progp,zstd,49379,10450,4.725263157894737,0.015152215957641602,3.1078941985429482,,,,
progp,data\academic_corpora\calgary\progp,brotli,49379,9880,4.997874493927125,0.04567098617553711,1.0311028513557252,,,,
trans,data\academic_corpora\calgary\trans,ensemble_improved,93695,19163,4.88937014037468,0.19603466987609863,0.4558097561628208,3.0,32768.0,{'brotli': 100.0},"[{'chunk_index': 0, 'algorithm': 'brotli', 'original_size': 32768, 'compressed_size': 7313, 'ratio': 4.480787638452072}, {'chunk_index': 1, 'algorithm': 'brotli', 'original_size': 32768, 'compressed_size': 5893, 'ratio': 5.560495503139318}, {'chunk_index': 2, 'algorithm': 'brotli', 'original_size': 28159, 'compressed_size': 5957, 'ratio': 4.727043814000336}]"
trans,data\academic_corpora\calgary\trans,gzip,93695,18928,4.950073964497041,0.0030007362365722656,29.777530589543936,,,,
trans,data\academic_corpora\calgary\trans,bzip2,93695,17899,5.234649980445835,0.00595545768737793,15.003803194683535,,,,
trans,data\academic_corpora\calgary\trans,lzma,93695,16720,5.603767942583732,0.025038480758666992,3.568687570820518,,,,
trans,data\academic_corpora\calgary\trans,zstd,93695,17294,5.4177749508500055,0.04345846176147461,2.0560901480156684,,,,
trans,data\academic_corpora\calgary\trans,brotli,93695,15402,6.083300870016881,0.09030556678771973,0.9894685151107931,,,,
alice29.txt,data\academic_corpora\canterbury\alice29.txt,ensemble_improved,152089,47719,3.1871791110459147,0.06215548515319824,2.3335570907444985,3.0,65536.0,{'bzip2': 100.0},"[{'chunk_index': 0, 'algorithm': 'bzip2', 'original_size': 65536, 'compressed_size': 20654, 'ratio': 3.1730415415900066}, {'chunk_index': 1, 'algorithm': 'bzip2', 'original_size': 65536, 'compressed_size': 19714, 'ratio': 3.324338033884549}, {'chunk_index': 2, 'algorithm': 'bzip2', 'original_size': 21017, 'compressed_size': 7351, 'ratio': 2.8590667936335192}]"
alice29.txt,data\academic_corpora\canterbury\alice29.txt,gzip,152089,54182,2.807002325495552,0.010656356811523438,13.61097189905137,,,,
alice29.txt,data\academic_corpora\canterbury\alice29.txt,bzip2,152089,43202,3.520415721494375,0.008998394012451172,16.118806634518574,,,,
alice29.txt,data\academic_corpora\canterbury\alice29.txt,lzma,152089,48492,3.136373009981028,0.042566776275634766,3.407431471171403,,,,
alice29.txt,data\academic_corpora\canterbury\alice29.txt,zstd,152089,49211,3.090548861027006,0.047005414962768555,3.0856737085034616,,,,
alice29.txt,data\academic_corpora\canterbury\alice29.txt,brotli,152089,46487,3.271645836470411,0.1745450496673584,0.8309795859826935,,,,
asyoulik.txt,data\academic_corpora\canterbury\asyoulik.txt,ensemble_improved,125179,42179,2.96780388344911,0.04797649383544922,2.488301826783549,2.0,65536.0,{'bzip2': 100.0},"[{'chunk_index': 0, 'algorithm': 'bzip2', 'original_size': 65536, 'compressed_size': 22144, 'ratio': 2.959537572254335}, {'chunk_index': 1, 'algorithm': 'bzip2', 'original_size': 59643, 'compressed_size': 20035, 'ratio': 2.976940354379835}]"
asyoulik.txt,data\academic_corpora\canterbury\asyoulik.txt,gzip,125179,48790,2.565669194507071,0.008281469345092773,14.41531596372535,,,,
asyoulik.txt,data\academic_corpora\canterbury\asyoulik.txt,bzip2,125179,39569,3.1635623846950898,0.006510019302368164,18.337886833913203,,,,
asyoulik.txt,data\academic_corpora\canterbury\asyoulik.txt,lzma,125179,44536,2.81073738099515,0.03558826446533203,3.3544765120454483,,,,
asyoulik.txt,data\academic_corpora\canterbury\asyoulik.txt,zstd,125179,45137,2.773312360147994,0.03551936149597168,3.3609837628122086,,,,
asyoulik.txt,data\academic_corpora\canterbury\asyoulik.txt,brotli,125179,42712,2.930768870575014,0.13319039344787598,0.8963108686974283,,,,
cp.html,data\academic_corpora\canterbury\cp.html,ensemble(brotli),24603,6894,3.5687554395126195,0.023749589920043945,0.9879433407286198,1.0,32768.0,,
cp.html,data\academic_corpora\canterbury\cp.html,gzip,24603,7952,3.0939386317907447,0.0,0.0,,,,
cp.html,data\academic_corpora\canterbury\cp.html,bzip2,24603,7624,3.227046169989507,0.00264739990234375,8.862752161383286,,,,
cp.html,data\academic_corpora\canterbury\cp.html,lzma,24603,7644,3.2186028257456827,0.016473054885864258,1.4243411054665451,,,,
cp.html,data\academic_corpora\canterbury\cp.html,zstd,24603,7713,3.189809412679891,0.007650613784790039,3.066845336408115,,,,
cp.html,data\academic_corpora\canterbury\cp.html,brotli,24603,6894,3.5687554395126195,0.02276444435119629,1.0306972067741227,,,,
fields.c,data\academic_corpora\canterbury\fields.c,ensemble(brotli),11150,2717,4.103790945896209,0.011942863464355469,0.890361734408688,1.0,32768.0,,
fields.c,data\academic_corpora\canterbury\fields.c,gzip,11150,3127,3.5657179405180686,0.0010001659393310547,10.631704410011919,,,,
fields.c,data\academic_corpora\canterbury\fields.c,bzip2,11150,3039,3.668970055939454,0.001722097396850586,6.17471964557663,,,,
fields.c,data\academic_corpora\canterbury\fields.c,lzma,11150,3028,3.6822985468956406,0.01399850845336914,0.7596144020165548,,,,
fields.c,data\academic_corpora\canterbury\fields.c,zstd,11150,3015,3.6981757877280264,0.0034563541412353516,3.0764985859143272,,,,
fields.c,data\academic_corpora\canterbury\fields.c,brotli,11150,2717,4.103790945896209,0.012311697006225586,0.8636882976045237,,,,
grammar.lsp,data\academic_corpora\canterbury\grammar.lsp,ensemble(brotli),3721,1124,3.3104982206405693,0.004506587982177734,0.7874299015977145,1.0,32768.0,,
grammar.lsp,data\academic_corpora\canterbury\grammar.lsp,gzip,3721,1234,3.0153970826580228,0.0,0.0,,,,
grammar.lsp,data\academic_corpora\canterbury\grammar.lsp,bzip2,3721,1283,2.9002338269680434,0.0010023117065429688,3.5404376784015223,,,,
grammar.lsp,data\academic_corpora\canterbury\grammar.lsp,lzma,3721,1292,2.880030959752322,0.013363122940063477,0.2655533551000018,,,,
grammar.lsp,data\academic_corpora\canterbury\grammar.lsp,zstd,3721,1211,3.0726672171758875,0.0005054473876953125,7.020754716981132,,,,
grammar.lsp,data\academic_corpora\canterbury\grammar.lsp,brotli,3721,1124,3.3104982206405693,0.004998922348022461,0.7098774264320122,,,,
kennedy.xls,data\academic_corpora\canterbury\kennedy.xls,ensemble_improved,1029744,61324,16.791859630813384,1.3732025623321533,0.7151460623592248,16.0,65536.0,{'lzma': 100.0},"[{'chunk_index': 0, 'algorithm': 'lzma', 'original_size': 65536, 'compressed_size': 4917, 'ratio': 13.32845230831808}, {'chunk_index': 1, 'algorithm': 'lzma', 'original_size': 65536, 'compressed_size': 3905, 'ratio': 16.78258642765685}, {'chunk_index': 2, 'algorithm': 'lzma', 'original_size': 65536, 'compressed_size': 3637, 'ratio': 18.01924663183943}, {'chunk_index': 3, 'algorithm': 'lzma', 'original_size': 65536, 'compressed_size': 3609, 'ratio': 18.159046827376006}, {'chunk_index': 4, 'algorithm': 'lzma', 'original_size': 65536, 'compressed_size': 4017, 'ratio': 16.314662683594722}, {'chunk_index': 5, 'algorithm': 'lzma', 'original_size': 65536, 'compressed_size': 3953, 'ratio': 16.578800910700732}, {'chunk_index': 6, 'algorithm': 'lzma', 'original_size': 65536, 'compressed_size': 3685, 'ratio': 17.784531886024425}, {'chunk_index': 7, 'algorithm': 'lzma', 'original_size': 65536, 'compressed_size': 3733, 'ratio': 17.555853201178678}, {'chunk_index': 8, 'algorithm': 'lzma', 'original_size': 65536, 'compressed_size': 3821, 'ratio': 17.151531012823867}, {'chunk_index': 9, 'algorithm': 'lzma', 'original_size': 65536, 'compressed_size': 3953, 'ratio': 16.578800910700732}, {'chunk_index': 10, 'algorithm': 'lzma', 'original_size': 65536, 'compressed_size': 3821, 'ratio': 17.151531012823867}, {'chunk_index': 11, 'algorithm': 'lzma', 'original_size': 65536, 'compressed_size': 4013, 'ratio': 16.330924495389983}, {'chunk_index': 12, 'algorithm': 'lzma', 'original_size': 65536, 'compressed_size': 3849, 'ratio': 17.026760197453886}, {'chunk_index': 13, 'algorithm': 'lzma', 'original_size': 65536, 'compressed_size': 3777, 'ratio': 17.35133703997882}, {'chunk_index': 14, 'algorithm': 'lzma', 'original_size': 65536, 'compressed_size': 3761, 'ratio': 17.425152884871046}, {'chunk_index': 15, 'algorithm': 'lzma', 'original_size': 46704, 'compressed_size': 2873, 'ratio': 16.256178210929342}]"
kennedy.xls,data\academic_corpora\canterbury\kennedy.xls,gzip,1029744,207041,4.973623581802638,0.35338282585144043,2.778970378391507,,,,
kennedy.xls,data\academic_corpora\canterbury\kennedy.xls,bzip2,1029744,130280,7.904083512434756,0.0390017032623291,25.179423541278233,,,,
kennedy.xls,data\academic_corpora\canterbury\kennedy.xls,lzma,1029744,49116,20.965550940630344,0.2574028968811035,3.8151878520895197,,,,
kennedy.xls,data\academic_corpora\canterbury\kennedy.xls,zstd,1029744,64825,15.884982645584266,0.26432228088378906,3.7153145092040036,,,,
kennedy.xls,data\academic_corpora\canterbury\kennedy.xls,brotli,1029744,61498,16.744349409736902,1.692894697189331,0.5800953874472485,,,,
lcet10.txt,data\academic_corpora\canterbury\lcet10.txt,ensemble_improved,426754,141811,3.0093152153218017,0.3050217628479004,1.3342796442579614,7.0,65536.0,{'lzma': 100.0},"[{'chunk_index': 0, 'algorithm': 'lzma', 'original_size': 65536, 'compressed_size': 21505, 'ratio': 3.04747733085329}, {'chunk_index': 1, 'algorithm': 'lzma', 'original_size': 65536, 'compressed_size': 21893, 'ratio': 2.993468231854931}, {'chunk_index': 2, 'algorithm': 'lzma', 'original_size': 65536, 'compressed_size': 21549, 'ratio': 3.0412548146085667}, {'chunk_index': 3, 'algorithm': 'lzma', 'original_size': 65536, 'compressed_size': 21549, 'ratio': 3.0412548146085667}, {'chunk_index': 4, 'algorithm': 'lzma', 'original_size': 65536, 'compressed_size': 21685, 'ratio': 3.022181231265852}, {'chunk_index': 5, 'algorithm': 'lzma', 'original_size': 65536, 'compressed_size': 22153, 'ratio': 2.958335214192209}, {'chunk_index': 6, 'algorithm': 'lzma', 'original_size': 33538, 'compressed_size': 11477, 'ratio': 2.9221922105079723}]"
lcet10.txt,data\academic_corpora\canterbury\lcet10.txt,gzip,426754,144451,2.954316688704128,0.027522563934326172,14.78729707721894,,,,
lcet10.txt,data\academic_corpora\canterbury\lcet10.txt,bzip2,426754,107706,3.9622119473381243,0.023030996322631836,17.671156016107826,,,,
lcet10.txt,data\academic_corpora\canterbury\lcet10.txt,lzma,426754,119500,3.571163179916318,0.10599970817565918,3.839485374329446,,,,
lcet10.txt,data\academic_corpora\canterbury\lcet10.txt,zstd,426754,121336,3.51712599723083,0.10747933387756348,3.7866286898210073,,,,
lcet10.txt,data\academic_corpora\canterbury\lcet10.txt,brotli,426754,113416,3.7627318896804685,0.5186171531677246,0.7847490711361239,,,,
plrabn12.txt,data\academic_corpora\canterbury\plrabn12.txt,ensemble_improved,481861,170554,2.8252694161379974,0.18682503700256348,2.4597263147954123,8.0,65536.0,{'bzip2': 100.0},"[{'chunk_index': 0, 'algorithm': 'bzip2', 'original_size': 65536, 'compressed_size': 23732, 'ratio': 2.761503455250295}, {'chunk_index': 1, 'algorithm': 'bzip2', 'original_size': 65536, 'compressed_size': 23441, 'ratio': 2.7957851627490293}, {'chunk_index': 2, 'algorithm': 'bzip2', 'original_size': 65536, 'compressed_size': 23156, 'ratio': 2.83019519778891}, {'chunk_index': 3, 'algorithm': 'bzip2', 'original_size': 65536, 'compressed_size': 22410, 'ratio': 2.924408746095493}, {'chunk_index': 4, 'algorithm': 'bzip2', 'original_size': 65536, 'compressed_size': 22917, 'ratio': 2.859711131474451}, {'chunk_index': 5, 'algorithm': 'bzip2', 'original_size': 65536, 'compressed_size': 23073, 'ratio': 2.840376197286872}, {'chunk_index': 6, 'algorithm': 'bzip2', 'original_size': 65536, 'compressed_size': 23123, 'ratio': 2.834234312156727}, {'chunk_index': 7, 'algorithm': 'bzip2', 'original_size': 23109, 'compressed_size': 8702, 'ratio': 2.6555964146173294}]"
plrabn12.txt,data\academic_corpora\canterbury\plrabn12.txt,gzip,481861,194344,2.479423084839254,0.042667388916015625,10.770250335270452,,,,
plrabn12.txt,data\academic_corpora\canterbury\plrabn12.txt,bzip2,481861,145577,3.310007762215185,0.027693986892700195,16.593438191413345,,,,
plrabn12.txt,data\academic_corpora\canterbury\plrabn12.txt,lzma,481861,165412,2.913095785070007,0.12358880043029785,3.718285622789943,,,,
plrabn12.txt,data\academic_corpora\canterbury\plrabn12.txt,zstd,481861,167438,2.8778473225910486,0.10920548439025879,4.208016312950151,,,,
plrabn12.txt,data\academic_corpora\canterbury\plrabn12.txt,brotli,481861,163267,2.9513680045569526,0.5483324527740479,0.8380654062202565,,,,
ptt5,data\academic_corpora\canterbury\ptt5,ensemble_improved,513216,42609,12.044779271984792,1.2072412967681885,0.40542095377203724,8.0,65536.0,{'brotli': 100.0},"[{'chunk_index': 0, 'algorithm': 'brotli', 'original_size': 65536, 'compressed_size': 2458, 'ratio': 26.66232709519935}, {'chunk_index': 1, 'algorithm': 'brotli', 'original_size': 65536, 'compressed_size': 5582, 'ratio': 11.740594768900035}, {'chunk_index': 2, 'algorithm': 'brotli', 'original_size': 65536, 'compressed_size': 10825, 'ratio': 6.054133949191686}, {'chunk_index': 3, 'algorithm': 'brotli', 'original_size': 65536, 'compressed_size': 7795, 'ratio': 8.407440667094292}, {'chunk_index': 4, 'algorithm': 'brotli', 'original_size': 65536, 'compressed_size': 4892, 'ratio': 13.396565821749796}, {'chunk_index': 5, 'algorithm': 'brotli', 'original_size': 65536, 'compressed_size': 2247, 'ratio': 29.165999109924343}, {'chunk_index': 6, 'algorithm': 'brotli', 'original_size': 65536, 'compressed_size': 6865, 'ratio': 9.54639475600874}, {'chunk_index': 7, 'algorithm': 'brotli', 'original_size': 54464, 'compressed_size': 1945, 'ratio': 28.002056555269924}]"
ptt5,data\academic_corpora\canterbury\ptt5,gzip,513216,52233,9.825512606972604,0.06463408470153809,7.572489348752282,,,,
ptt5,data\academic_corpora\canterbury\ptt5,bzip2,513216,49759,10.314033642155188,0.008098602294921875,60.43523316062176,,,,
ptt5,data\academic_corpora\canterbury\ptt5,lzma,513216,41992,12.22175652505239,0.08133745193481445,6.017411491584446,,,,
ptt5,data\academic_corpora\canterbury\ptt5,zstd,513216,43640,11.760219981668195,0.22903108596801758,2.137006493682245,,,,
ptt5,data\academic_corpora\canterbury\ptt5,brotli,513216,40939,12.536114707247368,0.7538137435913086,0.6492862754623743,,,,
sum,data\academic_corpora\canterbury\sum,ensemble_improved,38240,12099,3.1605917844449953,0.019132614135742188,1.9060911175356394,2.0,32768.0,{'zstd': 100.0},"[{'chunk_index': 0, 'algorithm': 'zstd', 'original_size': 32768, 'compressed_size': 10143, 'ratio': 3.230602385881889}, {'chunk_index': 1, 'algorithm': 'zstd', 'original_size': 5472, 'compressed_size': 1956, 'ratio': 2.7975460122699385}]"
sum,data\academic_corpora\canterbury\sum,gzip,38240,12850,2.975875486381323,0.009951591491699219,3.6645903210349786,,,,
sum,data\academic_corpora\canterbury\sum,bzip2,38240,12909,2.9622743822139594,0.0029969215393066406,12.168655529037391,,,,
sum,data\academic_corpora\canterbury\sum,lzma,38240,9452,4.045704612780364,0.018398046493530273,1.9821944613630178,,,,
sum,data\academic_corpora\canterbury\sum,zstd,38240,11107,3.442873863329432,0.01235651969909668,2.9513574005827077,,,,
sum,data\academic_corpora\canterbury\sum,brotli,38240,10144,3.769716088328076,0.03931927680969238,0.9274968620578836,,,,
xargs.1,data\academic_corpora\canterbury\xargs.1,ensemble(brotli),4227,1464,2.887295081967213,0.0049991607666015625,0.8063716138878291,1.0,32768.0,,
xargs.1,data\academic_corpora\canterbury\xargs.1,gzip,4227,1748,2.418192219679634,0.0,0.0,,,,
xargs.1,data\academic_corpora\canterbury\xargs.1,bzip2,4227,1762,2.398978433598184,0.001146078109741211,3.5173705013521945,,,,
xargs.1,data\academic_corpora\canterbury\xargs.1,lzma,4227,1812,2.3327814569536423,0.014059782028198242,0.286717199979651,,,,
xargs.1,data\academic_corpora\canterbury\xargs.1,zstd,4227,1724,2.4518561484918795,0.0014417171478271484,2.7960972382999834,,,,
xargs.1,data\academic_corpora\canterbury\xargs.1,brotli,4227,1464,2.887295081967213,0.0049970149993896484,0.8067178777613436,,,,
concatenated_types.dat,data\academic_corpora\heterogeneous\concatenated_types.dat,ensemble_improved,1524000,522688,2.9156973184767967,1.0387461185455322,1.3991866080214064,12.0,131072.0,"{'lzma': 33.33333333333333, 'brotli': 66.66666666666666}","[{'chunk_index': 0, 'algorithm': 'brotli', 'original_size': 131072, 'compressed_size': 15, 'ratio': 8738.133333333333}, {'chunk_index': 1, 'algorithm': 'brotli', 'original_size': 131072, 'compressed_size': 15, 'ratio': 8738.133333333333}, {'chunk_index': 2, 'algorithm': 'brotli', 'original_size': 131072, 'compressed_size': 15, 'ratio': 8738.133333333333}, {'chunk_index': 3, 'algorithm': 'brotli', 'original_size': 131072, 'compressed_size': 24314, 'ratio': 5.39080365221683}, {'chunk_index': 4, 'algorithm': 'brotli', 'original_size': 131072, 'compressed_size': 131078, 'ratio': 0.9999542257281924}, {'chunk_index': 5, 'algorithm': 'brotli', 'original_size': 131072, 'compressed_size': 131078, 'ratio': 0.9999542257281924}, {'chunk_index': 6, 'algorithm': 'brotli', 'original_size': 131072, 'compressed_size': 131078, 'ratio': 0.9999542257281924}, {'chunk_index': 7, 'algorithm': 'lzma', 'original_size': 131072, 'compressed_size': 96349, 'ratio': 1.3603877570083758}, {'chunk_index': 8, 'algorithm': 'lzma', 'original_size': 131072, 'compressed_size': 3777, 'ratio': 34.70267407995764}, {'chunk_index': 9, 'algorithm': 'lzma', 'original_size': 131072, 'compressed_size': 3769, 'ratio': 34.77633324489254}, {'chunk_index': 10, 'algorithm': 'lzma', 'original_size': 131072, 'compressed_size': 1185, 'ratio': 110.60928270042194}, {'chunk_index': 11, 'algorithm': 'brotli', 'original_size': 82208, 'compressed_size': 15, 'ratio': 5480.533333333334}]"
concatenated_types.dat,data\academic_corpora\heterogeneous\concatenated_types.dat,gzip,1524000,563907,2.7025732966606197,0.025219440460205078,57.63013102913649,,,,
concatenated_types.dat,data\academic_corpora\heterogeneous\concatenated_types.dat,bzip2,1524000,543873,2.8021247607437765,0.1336514949798584,10.87454845471168,,,,
concatenated_types.dat,data\academic_corpora\heterogeneous\concatenated_types.dat,lzma,1524000,525276,2.9013318712448313,0.18551254272460938,7.834508852378113,,,,
concatenated_types.dat,data\academic_corpora\heterogeneous\concatenated_types.dat,zstd,1524000,520162,2.929856467792726,0.18709492683410645,7.768247289205373,,,,
concatenated_types.dat,data\academic_corpora\heterogeneous\concatenated_types.dat,brotli,1524000,521858,2.9203346504221455,0.6957497596740723,2.088968969078736,,,,
mixed_code_logs.dat,data\academic_corpora\heterogeneous\mixed_code_logs.dat,ensemble_improved,862490,317447,2.7169574763661335,1.0581319332122803,0.7773459389512738,14.0,65536.0,"{'lzma': 42.857142857142854, 'brotli': 57.14285714285714}","[{'chunk_index': 0, 'algorithm': 'brotli', 'original_size': 65536, 'compressed_size': 126, 'ratio': 520.1269841269841}, {'chunk_index': 1, 'algorithm': 'lzma', 'original_size': 65536, 'compressed_size': 1185, 'ratio': 55.30464135021097}, {'chunk_index': 2, 'algorithm': 'lzma', 'original_size': 65536, 'compressed_size': 2285, 'ratio': 28.680962800875275}, {'chunk_index': 3, 'algorithm': 'lzma', 'original_size': 65536, 'compressed_size': 2201, 'ratio': 29.775556565197636}, {'chunk_index': 4, 'algorithm': 'lzma', 'original_size': 65536, 'compressed_size': 2141, 'ratio': 30.60999532928538}, {'chunk_index': 5, 'algorithm': 'lzma', 'original_size': 65536, 'compressed_size': 2173, 'ratio': 30.159226875287622}, {'chunk_index': 6, 'algorithm': 'lzma', 'original_size': 65536, 'compressed_size': 3153, 'ratio': 20.785283856644465}, {'chunk_index': 7, 'algorithm': 'brotli', 'original_size': 65536, 'compressed_size': 65541, 'ratio': 0.9999237118750095}, {'chunk_index': 8, 'algorithm': 'brotli', 'original_size': 65536, 'compressed_size': 65541, 'ratio': 0.9999237118750095}, {'chunk_index': 9, 'algorithm': 'brotli', 'original_size': 65536, 'compressed_size': 65541, 'ratio': 0.9999237118750095}, {'chunk_index': 10, 'algorithm': 'brotli', 'original_size': 65536, 'compressed_size': 36238, 'ratio': 1.8084883271703736}, {'chunk_index': 11, 'algorithm': 'brotli', 'original_size': 65536, 'compressed_size': 33070, 'ratio': 1.9817357121257937}, {'chunk_index': 12, 'algorithm': 'brotli', 'original_size': 65536, 'compressed_size': 32674, 'ratio': 2.0057538103691006}, {'chunk_index': 13, 'algorithm': 'brotli', 'original_size': 10522, 'compressed_size': 5578, 'ratio': 1.8863391896737183}]"
mixed_code_logs.dat,data\academic_corpora\heterogeneous\mixed_code_logs.dat,gzip,862490,338649,2.54685529855396,0.021497488021850586,38.261891822950744,,,,
mixed_code_logs.dat,data\academic_corpora\heterogeneous\mixed_code_logs.dat,bzip2,862490,329029,2.6213190934537685,0.11850881576538086,6.940703574202011,,,,
mixed_code_logs.dat,data\academic_corpora\heterogeneous\mixed_code_logs.dat,lzma,862490,318684,2.706411366745742,0.16319656372070312,5.040146326640331,,,,
mixed_code_logs.dat,data\academic_corpora\heterogeneous\mixed_code_logs.dat,zstd,862490,321348,2.683975005290215,0.22191166877746582,3.706585443156973,,,,
mixed_code_logs.dat,data\academic_corpora\heterogeneous\mixed_code_logs.dat,brotli,862490,318041,2.7118830591024428,0.719123363494873,1.1438017493407315,,,,
mixed_formats.dat,data\academic_corpora\heterogeneous\mixed_formats.dat,ensemble_improved,516061,51902,9.942988709490963,0.047898054122924805,10.275033723413257,8.0,65536.0,{'bzip2': 100.0},"[{'chunk_index': 0, 'algorithm': 'bzip2', 'original_size': 65536, 'compressed_size': 159, 'ratio': 412.17610062893084}, {'chunk_index': 1, 'algorithm': 'bzip2', 'original_size': 65536, 'compressed_size': 144, 'ratio': 455.1111111111111}, {'chunk_index': 2, 'algorithm': 'bzip2', 'original_size': 65536, 'compressed_size': 143, 'ratio': 458.2937062937063}, {'chunk_index': 3, 'algorithm': 'bzip2', 'original_size': 65536, 'compressed_size': 142, 'ratio': 461.5211267605634}, {'chunk_index': 4, 'algorithm': 'bzip2', 'original_size': 65536, 'compressed_size': 9091, 'ratio': 7.208887911120889}, {'chunk_index': 5, 'algorithm': 'bzip2', 'original_size': 65536, 'compressed_size': 12216, 'ratio': 5.3647675180091685}, {'chunk_index': 6, 'algorithm': 'bzip2', 'original_size': 65536, 'compressed_size': 12471, 'ratio': 5.255071766498276}, {'chunk_index': 7, 'algorithm': 'bzip2', 'original_size': 57309, 'compressed_size': 17536, 'ratio': 3.268077098540146}]"
mixed_formats.dat,data\academic_corpora\heterogeneous\mixed_formats.dat,gzip,516061,68713,7.510383770174494,0.007968902587890625,61.75933460986118,,,,
mixed_formats.dat,data\academic_corpora\heterogeneous\mixed_formats.dat,bzip2,516061,53893,9.57565917651643,0.06367611885070801,7.72902196744759,,,,
mixed_formats.dat,data\academic_corpora\heterogeneous\mixed_formats.dat,lzma,516061,46836,11.018468699291143,0.06312894821166992,7.796013324168562,,,,
mixed_formats.dat,data\academic_corpora\heterogeneous\mixed_formats.dat,zstd,516061,45796,11.268691588785046,0.06318926811218262,7.788571320768955,,,,
mixed_formats.dat,data\academic_corpora\heterogeneous\mixed_formats.dat,brotli,516061,44027,11.721466372907534,0.2601652145385742,1.8916984050761905,,,,
mixed_text_binary.dat,data\academic_corpora\heterogeneous\mixed_text_binary.dat,ensemble_improved,629800,243696,2.5843674085746176,0.06318473815917969,9.505841156760347,10.0,65536.0,{'bzip2': 100.0},"[{'chunk_index': 0, 'algorithm': 'bzip2', 'original_size': 65536, 'compressed_size': 174, 'ratio': 376.64367816091954}, {'chunk_index': 1, 'algorithm': 'bzip2', 'original_size': 65536, 'compressed_size': 174, 'ratio': 376.64367816091954}, {'chunk_index': 2, 'algorithm': 'bzip2', 'original_size': 65536, 'compressed_size': 175, 'ratio': 374.49142857142857}, {'chunk_index': 3, 'algorithm': 'bzip2', 'original_size': 65536, 'compressed_size': 37932, 'ratio': 1.7277232943161447}, {'chunk_index': 4, 'algorithm': 'bzip2', 'original_size': 65536, 'compressed_size': 66152, 'ratio': 0.9906881122263878}, {'chunk_index': 5, 'algorithm': 'bzip2', 'original_size': 65536, 'compressed_size': 66167, 'ratio': 0.9904635241132287}, {'chunk_index': 6, 'algorithm': 'bzip2', 'original_size': 65536, 'compressed_size': 43158, 'ratio': 1.5185133694795867}, {'chunk_index': 7, 'algorithm': 'bzip2', 'original_size': 65536, 'compressed_size': 11323, 'ratio': 5.787865406694339}, {'chunk_index': 8, 'algorithm': 'bzip2', 'original_size': 65536, 'compressed_size': 11375, 'ratio': 5.761406593406593}, {'chunk_index': 9, 'algorithm': 'bzip2', 'original_size': 39976, 'compressed_size': 7066, 'ratio': 5.6575148598924425}]"
mixed_text_binary.dat,data\academic_corpora\heterogeneous\mixed_text_binary.dat,gzip,629800,250903,2.510133398165825,0.030536890029907227,19.668803335389324,,,,
mixed_text_binary.dat,data\academic_corpora\heterogeneous\mixed_text_binary.dat,bzip2,629800,244008,2.581062915969968,0.08751320838928223,6.863239224425634,,,,
mixed_text_binary.dat,data\academic_corpora\heterogeneous\mixed_text_binary.dat,lzma,629800,226684,2.7783169522330646,0.07219147682189941,8.319875294343,,,,
mixed_text_binary.dat,data\academic_corpora\heterogeneous\mixed_text_binary.dat,zstd,629800,234445,2.68634434515558,0.04647994041442871,12.9222214812953,,,,
mixed_text_binary.dat,data\academic_corpora\heterogeneous\mixed_text_binary.dat,brotli,629800,227404,2.7695203250602454,0.3517336845397949,1.707610362250369,,,,
multimedia_sim.dat,data\academic_corpora\heterogeneous\multimedia_sim.dat,ensemble_improved,2058300,2049297,1.0043932138679752,0.9767816066741943,2.009607707645672,16.0,131072.0,{'zstd': 100.0},"[{'chunk_index': 0, 'algorithm': 'zstd', 'original_size': 131072, 'compressed_size': 130144, 'ratio': 1.007130563068601}, {'chunk_index': 1, 'algorithm': 'zstd', 'original_size': 131072, 'compressed_size': 130147, 'ratio': 1.007107347845129}, {'chunk_index': 2, 'algorithm': 'zstd', 'original_size': 131072, 'compressed_size': 131085, 'ratio': 0.9999008277072129}, {'chunk_index': 3, 'algorithm': 'zstd', 'original_size': 131072, 'compressed_size': 130150, 'ratio': 1.0070841336918939}, {'chunk_index': 4, 'algorithm': 'zstd', 'original_size': 131072, 'compressed_size': 130145, 'ratio': 1.007122824541857}, {'chunk_index': 5, 'algorithm': 'zstd', 'original_size': 131072, 'compressed_size': 131085, 'ratio': 0.9999008277072129}, {'chunk_index': 6, 'algorithm': 'zstd', 'original_size': 131072, 'compressed_size': 130151, 'ratio': 1.0070763958786333}, {'chunk_index': 7, 'algorithm': 'zstd', 'original_size': 131072, 'compressed_size': 130146, 'ratio': 1.007115086134034}, {'chunk_index': 8, 'algorithm': 'zstd', 'original_size': 131072, 'compressed_size': 131085, 'ratio': 0.9999008277072129}, {'chunk_index': 9, 'algorithm': 'zstd', 'original_size': 131072, 'compressed_size': 130174, 'ratio': 1.0068984589856653}, {'chunk_index': 10, 'algorithm': 'zstd', 'original_size': 131072, 'compressed_size': 130226, 'ratio': 1.0064963985686421}, {'chunk_index': 11, 'algorithm': 'zstd', 'original_size': 131072, 'compressed_size': 131085, 'ratio': 0.9999008277072129}, {'chunk_index': 12, 'algorithm': 'zstd', 'original_size': 131072, 'compressed_size': 130179, 'ratio': 1.0068597853724488}, {'chunk_index': 13, 'algorithm': 'zstd', 'original_size': 131072, 'compressed_size': 131085, 'ratio': 0.9999008277072129}, {'chunk_index': 14, 'algorithm': 'zstd', 'original_size': 131072, 'compressed_size': 130177, 'ratio': 1.0068752544612336}, {'chunk_index': 15, 'algorithm': 'zstd', 'original_size': 92220, 'compressed_size': 92233, 'ratio': 0.9998590526167423}]"
multimedia_sim.dat,data\academic_corpora\heterogeneous\multimedia_sim.dat,gzip,2058300,2049370,1.0043574366756614,0.049957275390625,39.292532070861334,,,,
multimedia_sim.dat,data\academic_corpora\heterogeneous\multimedia_sim.dat,bzip2,2058300,2057736,1.0002740876380645,0.1787724494934082,10.980147394195454,,,,
multimedia_sim.dat,data\academic_corpora\heterogeneous\multimedia_sim.dat,lzma,2058300,2056716,1.0007701598081602,0.4357619285583496,4.504633646984929,,,,
multimedia_sim.dat,data\academic_corpora\heterogeneous\multimedia_sim.dat,zstd,2058300,2048744,1.004664321164577,0.2454376220703125,7.997746347528754,,,,
multimedia_sim.dat,data\academic_corpora\heterogeneous\multimedia_sim.dat,brotli,2058300,2058308,0.9999961133124877,1.0848970413208008,1.809340214504785,,,,
bible.txt,data\academic_corpora\large\bible.txt,ensemble_improved,4047392,1084959,3.730456173919936,2.9798736572265625,1.2953212930579807,31.0,131072.0,"{'lzma': 96.7741935483871, 'zstd': 3.225806451612903}","[{'chunk_index': 0, 'algorithm': 'lzma', 'original_size': 131072, 'compressed_size': 34289, 'ratio': 3.8225670039954505}, {'chunk_index': 1, 'algorithm': 'lzma', 'original_size': 131072, 'compressed_size': 33797, 'ratio': 3.878214042666509}, {'chunk_index': 2, 'algorithm': 'lzma', 'original_size': 131072, 'compressed_size': 28989, 'ratio': 4.521439166580427}, {'chunk_index': 3, 'algorithm': 'zstd', 'original_size': 131072, 'compressed_size': 27001, 'ratio': 4.854338728195252}, {'chunk_index': 4, 'algorithm': 'lzma', 'original_size': 131072, 'compressed_size': 29613, 'ratio': 4.426164184648634}, {'chunk_index': 5, 'algorithm': 'lzma', 'original_size': 131072, 'compressed_size': 31877, 'ratio': 4.111804749505914}, {'chunk_index': 6, 'algorithm': 'lzma', 'original_size': 131072, 'compressed_size': 32641, 'ratio': 4.0155632486749795}, {'chunk_index': 7, 'algorithm': 'lzma', 'original_size': 131072, 'compressed_size': 34873, 'ratio': 3.7585524617899235}, {'chunk_index': 8, 'algorithm': 'lzma', 'original_size': 131072, 'compressed_size': 35093, 'ratio': 3.7349898840224545}, {'chunk_index': 9, 'algorithm': 'lzma', 'original_size': 131072, 'compressed_size': 35909, 'ratio': 3.650115569912835}, {'chunk_index': 10, 'algorithm': 'lzma', 'original_size': 131072, 'compressed_size': 34289, 'ratio': 3.8225670039954505}, {'chunk_index': 11, 'algorithm': 'lzma', 'original_size': 131072, 'compressed_size': 34593, 'ratio': 3.7889746480501834}, {'chunk_index': 12, 'algorithm': 'lzma', 'original_size': 131072, 'compressed_size': 33157, 'ratio': 3.953071749555147}, {'chunk_index': 13, 'algorithm': 'lzma', 'original_size': 131072, 'compressed_size': 38029, 'ratio': 3.4466328328380973}, {'chunk_index': 14, 'algorithm': 'lzma', 'original_size': 131072, 'compressed_size': 39181, 'ratio': 3.345294913350859}, {'chunk_index': 15, 'algorithm': 'lzma', 'original_size': 131072, 'compressed_size': 37393, 'ratio': 3.5052549942502607}, {'chunk_index': 16, 'algorithm': 'lzma', 'original_size': 131072, 'compressed_size': 38353, 'ratio': 3.417516230803327}, {'chunk_index': 17, 'algorithm': 'lzma', 'original_size': 131072, 'compressed_size': 38249, 'ratio': 3.4268085440142224}, {'chunk_index': 18, 'algorithm': 'lzma', 'original_size': 131072, 'compressed_size': 37173, 'ratio': 3.526000053802491}, {'chunk_index': 19, 'algorithm': 'lzma', 'original_size': 131072, 'compressed_size': 32953, 'ratio': 3.977543774466665}, {'chunk_index': 20, 'algorithm': 'lzma', 'original_size': 131072, 'compressed_size': 34529, 'ratio': 3.7959975672623014}, {'chunk_index': 21, 'algorithm': 'lzma', 'original_size': 131072, 'compressed_size': 31577, 'ratio': 4.150869303607056}, {'chunk_index': 22, 'algorithm': 'lzma', 'original_size': 131072, 'compressed_size': 36877, 'ratio': 3.5543021395449736}, {'chunk_index': 23, 'algorithm': 'lzma', 'original_size': 131072, 'compressed_size': 37381, 'ratio': 3.506380246649367}, {'chunk_index': 24, 'algorithm': 'lzma', 'original_size': 131072, 'compressed_size': 34857, 'ratio': 3.7602777060561725}, {'chunk_index': 25, 'algorithm': 'lzma', 'original_size': 131072, 'compressed_size': 37865, 'ratio': 3.461560808134161}, {'chunk_index': 26, 'algorithm': 'lzma', 'original_size': 131072, 'compressed_size': 36293, 'ratio': 3.6114953296778993}, {'chunk_index': 27, 'algorithm': 'lzma', 'original_size': 131072, 'compressed_size': 38385, 'ratio': 3.41466718770353}, {'chunk_index': 28, 'algorithm': 'lzma', 'original_size': 131072, 'compressed_size': 38077, 'ratio': 3.442287995377787}, {'chunk_index': 29, 'algorithm': 'lzma', 'original_size': 131072, 'compressed_size': 39081, 'ratio': 3.353854814359919}, {'chunk_index': 30, 'algorithm': 'lzma', 'original_size': 115232, 'compressed_size': 32585, 'ratio': 3.5363510817860977}]"
bible.txt,data\academic_corpora\large\bible.txt,gzip,4047392,1177362,3.4376784710225063,0.3631577491760254,10.628697329427506,,,,
bible.txt,data\academic_corpora\large\bible.txt,bzip2,4047392,845635,4.786216275343381,0.23013544082641602,16.772270211694696,,,,
bible.txt,data\academic_corpora\large\bible.txt,lzma,4047392,885184,4.572373653387318,1.5797085762023926,2.443421436697698,,,,
bible.txt,data\academic_corpora\large\bible.txt,zstd,4047392,892255,4.536138211609909,1.5575335025787354,2.478209163679291,,,,
bible.txt,data\academic_corpora\large\bible.txt,brotli,4047392,889339,4.551011481561025,5.7218382358551025,0.6745898153220478,,,,
E.coli,data\academic_corpora\large\E.coli,ensemble_improved,4638690,1165768,3.9790850323563522,4.180227518081665,1.0582676410877798,36.0,131072.0,{'zstd': 100.0},"[{'chunk_index': 0, 'algorithm': 'zstd', 'original_size': 131072, 'compressed_size': 33052, 'ratio': 3.9656299164952196}, {'chunk_index': 1, 'algorithm': 'zstd', 'original_size': 131072, 'compressed_size': 32956, 'ratio': 3.977181696807865}, {'chunk_index': 2, 'algorithm': 'zstd', 'original_size': 131072, 'compressed_size': 32617, 'ratio': 4.018517950761873}, {'chunk_index': 3, 'algorithm': 'zstd', 'original_size': 131072, 'compressed_size': 32974, 'ratio': 3.975010614423485}, {'chunk_index': 4, 'algorithm': 'zstd', 'original_size': 131072, 'compressed_size': 33184, 'ratio': 3.9498553519768564}, {'chunk_index': 5, 'algorithm': 'zstd', 'original_size': 131072, 'compressed_size': 32652, 'ratio': 4.01421046184001}, {'chunk_index': 6, 'algorithm': 'zstd', 'original_size': 131072, 'compressed_size': 32988, 'ratio': 3.9733236328361827}, {'chunk_index': 7, 'algorithm': 'zstd', 'original_size': 131072, 'compressed_size': 33027, 'ratio': 3.9686317255578767}, {'chunk_index': 8, 'algorithm': 'zstd', 'original_size': 131072, 'compressed_size': 32937, 'ratio': 3.979475969274676}, {'chunk_index': 9, 'algorithm': 'zstd', 'original_size': 131072, 'compressed_size': 32766, 'ratio': 4.000244155527071}, {'chunk_index': 10, 'algorithm': 'zstd', 'original_size': 131072, 'compressed_size': 33045, 'ratio': 3.966469965198971}, {'chunk_index': 11, 'algorithm': 'zstd', 'original_size': 131072, 'compressed_size': 33002, 'ratio': 3.9716380825404523}, {'chunk_index': 12, 'algorithm': 'zstd', 'original_size': 131072, 'compressed_size': 32989, 'ratio': 3.9732031889417683}, {'chunk_index': 13, 'algorithm': 'zstd', 'original_size': 131072, 'compressed_size': 33030, 'ratio': 3.9682712685437482}, {'chunk_index': 14, 'algorithm': 'zstd', 'original_size': 131072, 'compressed_size': 32977, 'ratio': 3.974648997786336}, {'chunk_index': 15, 'algorithm': 'zstd', 'original_size': 131072, 'compressed_size': 32963, 'ratio': 3.9763371052392076}, {'chunk_index': 16, 'algorithm': 'zstd', 'original_size': 131072, 'compressed_size': 33026, 'ratio': 3.968751892448374}, {'chunk_index': 17, 'algorithm': 'zstd', 'original_size': 131072, 'compressed_size': 32997, 'ratio': 3.972239900597024}, {'chunk_index': 18, 'algorithm': 'zstd', 'original_size': 131072, 'compressed_size': 33038, 'ratio': 3.967310369877111}, {'chunk_index': 19, 'algorithm': 'zstd', 'original_size': 131072, 'compressed_size': 32946, 'ratio': 3.9783888787713226}, {'chunk_index': 20, 'algorithm': 'zstd', 'original_size': 131072, 'compressed_size': 32964, 'ratio': 3.976216478582696}, {'chunk_index': 21, 'algorithm': 'zstd', 'original_size': 131072, 'compressed_size': 32908, 'ratio': 3.9829828613103198}, {'chunk_index': 22, 'algorithm': 'zstd', 'original_size': 131072, 'compressed_size': 32938, 'ratio': 3.979355152103953}, {'chunk_index': 23, 'algorithm': 'zstd', 'original_size': 131072, 'compressed_size': 33054, 'ratio': 3.965389967931264}, {'chunk_index': 24, 'algorithm': 'zstd', 'original_size': 131072, 'compressed_size': 33057, 'ratio': 3.965030099525063}, {'chunk_index': 25, 'algorithm': 'zstd', 'original_size': 131072, 'compressed_size': 32961, 'ratio': 3.9765783805103}, {'chunk_index': 26, 'algorithm': 'zstd', 'original_size': 131072, 'compressed_size': 33044, 'ratio': 3.9665900012105073}, {'chunk_index': 27, 'algorithm': 'zstd', 'original_size': 131072, 'compressed_size': 32988, 'ratio': 3.9733236328361827}, {'chunk_index': 28, 'algorithm': 'zstd', 'original_size': 131072, 'compressed_size': 32903, 'ratio': 3.983588122663587}, {'chunk_index': 29, 'algorithm': 'zstd', 'original_size': 131072, 'compressed_size': 33008, 'ratio': 3.9709161415414447}, {'chunk_index': 30, 'algorithm': 'zstd', 'original_size': 131072, 'compressed_size': 31852, 'ratio': 4.1150320231068696}, {'chunk_index': 31, 'algorithm': 'zstd', 'original_size': 131072, 'compressed_size': 33002, 'ratio': 3.9716380825404523}, {'chunk_index': 32, 'algorithm': 'zstd', 'original_size': 131072, 'compressed_size': 32907, 'ratio': 3.9831038988665024}, {'chunk_index': 33, 'algorithm': 'zstd', 'original_size': 131072, 'compressed_size': 33056, 'ratio': 3.9651500484027107}, {'chunk_index': 34, 'algorithm': 'zstd', 'original_size': 131072, 'compressed_size': 33067, 'ratio': 3.9638310097680467}, {'chunk_index': 35, 'algorithm': 'zstd', 'original_size': 51170, 'compressed_size': 12893, 'ratio': 3.968820290079888}]"
E.coli,data\academic_corpora\large\E.coli,gzip,4638690,1299729,3.5689670692890596,3.3181698322296143,1.3332046695747264,,,,
E.coli,data\academic_corpora\large\E.coli,bzip2,4638690,1251004,3.707973755479599,0.28609299659729004,15.462802541082585,,,,
E.coli,data\academic_corpora\large\E.coli,lzma,4638690,1186488,3.909597062928576,2.844984531402588,1.554946772448551,,,,
E.coli,data\academic_corpora\large\E.coli,zstd,4638690,1151083,4.029848412321266,2.616044282913208,1.6910262351691527,,,,
E.coli,data\academic_corpora\large\E.coli,brotli,4638690,1138114,4.0757692111686525,9.382446765899658,0.4714974276058492,,,,
world192.txt,data\academic_corpora\large\world192.txt,ensemble_improved,2473400,641016,3.858562032772973,0.8287861347198486,2.8461118681679696,19.0,131072.0,{'bzip2': 100.0},"[{'chunk_index': 0, 'algorithm': 'bzip2', 'original_size': 131072, 'compressed_size': 37381, 'ratio': 3.506380246649367}, {'chunk_index': 1, 'algorithm': 'bzip2', 'original_size': 131072, 'compressed_size': 33925, 'ratio': 3.863581429624171}, {'chunk_index': 2, 'algorithm': 'bzip2', 'original_size': 131072, 'compressed_size': 33561, 'ratio': 3.905485533804118}, {'chunk_index': 3, 'algorithm': 'bzip2', 'original_size': 131072, 'compressed_size': 33925, 'ratio': 3.863581429624171}, {'chunk_index': 4, 'algorithm': 'bzip2', 'original_size': 131072, 'compressed_size': 33761, 'ratio': 3.8823494564734458}, {'chunk_index': 5, 'algorithm': 'bzip2', 'original_size': 131072, 'compressed_size': 34415, 'ratio': 3.808571843672817}, {'chunk_index': 6, 'algorithm': 'bzip2', 'original_size': 131072, 'compressed_size': 33325, 'ratio': 3.9331432858214552}, {'chunk_index': 7, 'algorithm': 'bzip2', 'original_size': 131072, 'compressed_size': 35867, 'ratio': 3.6543898290908077}, {'chunk_index': 8, 'algorithm': 'bzip2', 'original_size': 131072, 'compressed_size': 34226, 'ratio': 3.829603225617951}, {'chunk_index': 9, 'algorithm': 'bzip2', 'original_size': 131072, 'compressed_size': 33668, 'ratio': 3.893073541641915}, {'chunk_index': 10, 'algorithm': 'bzip2', 'original_size': 131072, 'compressed_size': 34084, 'ratio': 3.845558033094707}, {'chunk_index': 11, 'algorithm': 'bzip2', 'original_size': 131072, 'compressed_size': 34689, 'ratio': 3.7784888581394678}, {'chunk_index': 12, 'algorithm': 'bzip2', 'original_size': 131072, 'compressed_size': 34958, 'ratio': 3.749413582012701}, {'chunk_index': 13, 'algorithm': 'bzip2', 'original_size': 131072, 'compressed_size': 32705, 'ratio': 4.007705243846507}, {'chunk_index': 14, 'algorithm': 'bzip2', 'original_size': 131072, 'compressed_size': 35217, 'ratio': 3.7218388846295825}, {'chunk_index': 15, 'algorithm': 'bzip2', 'original_size': 131072, 'compressed_size': 33625, 'ratio': 3.8980520446096656}, {'chunk_index': 16, 'algorithm': 'bzip2', 'original_size': 131072, 'compressed_size': 35178, 'ratio': 3.7259650918187504}, {'chunk_index': 17, 'algorithm': 'bzip2', 'original_size': 131072, 'compressed_size': 33194, 'ratio': 3.94866542146171}, {'chunk_index': 18, 'algorithm': 'bzip2', 'original_size': 114104, 'compressed_size': 23312, 'ratio': 4.894646533973919}]"
world192.txt,data\academic_corpora\large\world192.txt,gzip,2473400,721957,3.4259658123683265,0.10719585418701172,22.004750762879993,,,,
world192.txt,data\academic_corpora\large\world192.txt,bzip2,2473400,489583,5.05205450352647,0.1319899559020996,17.871193592554995,,,,
world192.txt,data\academic_corpora\large\world192.txt,lzma,2473400,487492,5.0737242867575265,0.6647217273712158,3.548579739566614,,,,
world192.txt,data\academic_corpora\large\world192.txt,zstd,2473400,503855,4.908951980232408,0.9210147857666016,2.56110769409187,,,,
world192.txt,data\academic_corpora\large\world192.txt,brotli,2473400,474913,5.208111801529965,3.2967464923858643,0.7154987681482708,,,,
pi.txt,data\academic_corpora\miscellaneous\pi.txt,ensemble_improved,1000000,426586,2.344193199026691,0.31328725814819336,3.0440890639578333,16.0,65536.0,{'zstd': 100.0},"[{'chunk_index': 0, 'algorithm': 'zstd', 'original_size': 65536, 'compressed_size': 27988, 'ratio': 2.3415749606974416}, {'chunk_index': 1, 'algorithm': 'zstd', 'original_size': 65536, 'compressed_size': 27953, 'ratio': 2.3445068507852467}, {'chunk_index': 2, 'algorithm': 'zstd', 'original_size': 65536, 'compressed_size': 27948, 'ratio': 2.344926291684557}, {'chunk_index': 3, 'algorithm': 'zstd', 'original_size': 65536, 'compressed_size': 27969, 'ratio': 2.3431656476813614}, {'chunk_index': 4, 'algorithm': 'zstd', 'original_size': 65536, 'compressed_size': 27948, 'ratio': 2.344926291684557}, {'chunk_index': 5, 'algorithm': 'zstd', 'original_size': 65536, 'compressed_size': 27964, 'ratio': 2.3435846087827206}, {'chunk_index': 6, 'algorithm': 'zstd', 'original_size': 65536, 'compressed_size': 27948, 'ratio': 2.344926291684557}, {'chunk_index': 7, 'algorithm': 'zstd', 'original_size': 65536, 'compressed_size': 27960, 'ratio': 2.343919885550787}, {'chunk_index': 8, 'algorithm': 'zstd', 'original_size': 65536, 'compressed_size': 27924, 'ratio': 2.346941698897006}, {'chunk_index': 9, 'algorithm': 'zstd', 'original_size': 65536, 'compressed_size': 27954, 'ratio': 2.3444229806110037}, {'chunk_index': 10, 'algorithm': 'zstd', 'original_size': 65536, 'compressed_size': 27921, 'ratio': 2.347193868414455}, {'chunk_index': 11, 'algorithm': 'zstd', 'original_size': 65536, 'compressed_size': 27975, 'ratio': 2.34266309204647}, {'chunk_index': 12, 'algorithm': 'zstd', 'original_size': 65536, 'compressed_size': 27959, 'ratio': 2.3440037197324655}, {'chunk_index': 13, 'algorithm': 'zstd', 'original_size': 65536, 'compressed_size': 27991, 'ratio': 2.3413239969990354}, {'chunk_index': 14, 'algorithm': 'zstd', 'original_size': 65536, 'compressed_size': 27931, 'ratio': 2.346353514016684}, {'chunk_index': 15, 'algorithm': 'zstd', 'original_size': 16960, 'compressed_size': 7253, 'ratio': 2.338342754722184}]"
pi.txt,data\academic_corpora\miscellaneous\pi.txt,gzip,1000000,470462,2.125570184201912,0.07261037826538086,13.134132326383188,,,,
pi.txt,data\academic_corpora\miscellaneous\pi.txt,bzip2,1000000,431671,2.316579061368496,0.06345510482788086,15.029118917903437,,,,
pi.txt,data\academic_corpora\miscellaneous\pi.txt,lzma,1000000,437952,2.2833552535437676,0.26845788955688477,3.5524167979580707,,,,
pi.txt,data\academic_corpora\miscellaneous\pi.txt,zstd,1000000,426148,2.346602588771976,0.2222428321838379,4.291136443119914,,,,
pi.txt,data\academic_corpora\miscellaneous\pi.txt,brotli,1000000,424914,2.3534173974027683,0.6960601806640625,1.3701032509809938,,,,
